term,estimate,std.error,statistic,df,p.value
(Intercept),50.55319148936162,4.2937286722454635,11.77372753339911,299.7029319762638,1.4760543001941337e-26
PhaseFinal,-47.829787234042485,5.014857987563895,-9.537615492333636,164.9999997856829,1.9053133668517706e-17
ConditionPolarization,6.732522796352924,11.925660923203697,0.5645408535181048,299.7029318942283,0.5728083721843525
ChoicePrior-consistent,1.7099664053753119,6.42173325189617,0.2662780184571515,299.70293191633033,0.7902082001223887
PhaseFinal:ConditionPolarization,31.1155015197566,13.928568967174725,2.2339338372151576,164.99999981176003,0.026831189563717196
PhaseFinal:ChoicePrior-consistent,33.88241881298987,7.500259739382788,4.517499392064804,164.99999979322195,1.1874331179940444e-5
ConditionPolarization:ChoicePrior-consistent,-6.450226145635298,13.276940461074116,-0.4858217271175041,299.7029318735264,0.6274485603924433
PhaseFinal:ConditionPolarization:ChoicePrior-consistent,-10.609691540262414,15.506795143347437,-0.6841962792559411,164.99999983339882,0.49481106373467665
