Condition,Phase,Rating
Control,Initial,50.17073170731726
Control,Final,50.17073170731726
Moderation,Initial,51.317647058823525
Moderation,Final,19.300206674959043
Polarization,Initial,52.940476190476204
Polarization,Final,85.94704813609593
