Comparison,Prop. (condition),Prop. (control),z,p
Polarization vs. Control (more certain),0.47619047619047616,0.25609756097560976,2.9406755391029265,0.0016374868976883098
Moderation vs. Control (less certain),0.6588235294117647,0.43902439024390244,2.8548024871718694,0.002153180060173039
