Phase,Condition,Choice,emmean,SE,df,lower.CL,upper.CL
Initial,Moderation,Prior-inconsistent,50.55319148936162,4.293728672245462,299.7029316653228,42.10351598292841,59.00286699579484
Final,Moderation,Prior-inconsistent,2.7234042553191387,4.2937286722454635,299.70293166535515,-5.726271251114076,11.173079761752353
Initial,Polarization,Prior-inconsistent,57.28571428571455,11.12588345006206,299.70293166534225,35.39096684088911,79.18046173053999
Final,Polarization,Prior-inconsistent,40.57142857142866,11.125883450062062,299.7029316653487,18.676681126603224,62.466176016254096
Initial,Moderation,Prior-consistent,52.263157894736935,4.775201780830434,299.70293166533577,42.86598620417965,61.66032958529422
Final,Moderation,Prior-consistent,38.31578947368432,4.775201780830436,299.7029316653487,28.918617783127033,47.712961164241605
Initial,Polarization,Prior-consistent,52.54545454545456,3.3545800786437145,299.7029316653487,45.94393980417466,59.14696928673446
Final,Polarization,Prior-consistent,59.10389610389612,3.354580078643712,299.70293166533577,52.50238136261622,65.70541084517602
